{"is_source_file": false, "format": null, "description": "", "external_files": [], "external_methods": [], "published": [], "classes": [], "methods": [], "calls": [], "search-terms": ["simple-to-do-list", "README.md", "code-generation"], "state": 2, "file_id": 1, "knowledge_revision": 3, "git_revision": "fe37f3b84bc707053d127dd20472b331870f20a8", "hash": "97b03fe0e6cabc8a05b6eaad149b9f3b", "format-version": 4, "code-base-name": "todo_frontend", "filename": "README.md", "revision_history": [{"3": "fe37f3b84bc707053d127dd20472b331870f20a8"}]}