{"is_source_file": false, "format": "", "description": "", "external_files": [], "external_methods": [], "published": [], "classes": [], "methods": [], "calls": [], "search-terms": [], "state": 2, "file_id": 2, "knowledge_revision": 14, "git_revision": "1e259697e9622fbd0612e5c6386b89f7f2ce55f0", "hash": "ebece526bc2eadd78ddd787a76c56607", "format-version": 4, "code-base-name": "todo_frontend", "filename": "todo_frontend/README.md", "revision_history": [{"14": "1e259697e9622fbd0612e5c6386b89f7f2ce55f0"}]}