{"is_source_file": true, "format": "JavaScript (React JSX)", "description": "This file defines a React functional component 'App' which manages a theme toggle feature between light and dark modes. It includes UI elements such as a toggle button, logo, and informational text, and demonstrates use of React hooks like useState and useEffect.", "external_files": ["./logo.svg", "./App.css"], "external_methods": ["document.documentElement.setAttribute"], "published": ["App"], "classes": [], "methods": [{"name": "toggleTheme", "description": "Handles switching between 'light' and 'dark' themes by updating component state."}, {"name": "App()", "scope": "", "scopeKind": "", "description": "unavailable"}], "calls": ["React", "useState", "useEffect", "document.documentElement.setAttribute", "setTheme"], "search-terms": ["React component", "theme toggle", "useState", "useEffect", "App.js"], "state": 3, "file_id": 8, "knowledge_revision": 25, "git_revision": "1e259697e9622fbd0612e5c6386b89f7f2ce55f0", "ctags": [{"_type": "tag", "name": "App", "path": "/home/kavia/workspace/code-generation/simple-to-do-list-281266-281276/todo_frontend/src/App.js", "pattern": "/^function App() {$/", "language": "JavaScript", "kind": "function", "signature": "()"}, {"_type": "tag", "name": "Switch to ${theme === 'light' ? 'dark' : 'light'} mode", "path": "/home/kavia/workspace/code-generation/simple-to-do-list-281266-281276/todo_frontend/src/App.js", "pattern": "/^          aria-label={`Switch to ${theme === 'light' ? 'dark' : 'light'} mode`}$/", "language": "JavaScript", "kind": "field", "scope": "App.aria", "scopeKind": "class"}, {"_type": "tag", "name": "toggleTheme", "path": "/home/kavia/workspace/code-generation/simple-to-do-list-281266-281276/todo_frontend/src/App.js", "pattern": "/^          onClick={toggleTheme}$/", "language": "JavaScript", "kind": "field", "scope": "App.onClick", "scopeKind": "class"}], "hash": "b55dd9e6a018e59207d8e277dffd9e11", "format-version": 4, "code-base-name": "todo_frontend", "filename": "todo_frontend/src/App.js", "fields": [{"name": "aria-label={`Switch to ${theme === 'light' ? 'dark' : 'light'} mode`}", "scope": "App.aria", "scopeKind": "class", "description": "unavailable"}, {"name": "onClick={toggleTheme}", "scope": "App.onClick", "scopeKind": "class", "description": "unavailable"}], "revision_history": [{"25": "1e259697e9622fbd0612e5c6386b89f7f2ce55f0"}]}