{"is_source_file": false, "format": "", "description": "", "external_files": [], "external_methods": [], "published": [], "classes": [], "methods": [], "calls": [], "search-terms": [], "state": 2, "file_id": 4, "knowledge_revision": 27, "git_revision": "1e259697e9622fbd0612e5c6386b89f7f2ce55f0", "hash": "7135dc2d1430a3e55aa610eb93239183", "format-version": 4, "code-base-name": "todo_frontend", "filename": "todo_frontend/src/App.css", "revision_history": [{"27": "1e259697e9622fbd0612e5c6386b89f7f2ce55f0"}]}