{"is_source_file": true, "format": "JavaScript", "description": "This is a JavaScript source file for the frontend of a React application. It initializes the React app by rendering the main App component into the DOM.", "external_files": ["react", "react-dom/client", "./index.css", "./App"], "external_methods": ["ReactDOM.createRoot", "root.render"], "published": [], "classes": [], "methods": [{"name": "ReactDOM.createRoot", "description": "Creates a root to render React components into the DOM."}, {"name": "root.render", "description": "Renders the given React component tree into the root."}], "calls": ["ReactDOM.createRoot", "root.render", "React.StrictMode", "App"], "search-terms": ["React", "ReactDOM", "index.js", "frontend", "render", "DOM"], "state": 2, "file_id": 5, "knowledge_revision": 23, "git_revision": "1e259697e9622fbd0612e5c6386b89f7f2ce55f0", "ctags": [{"_type": "tag", "name": "root", "path": "/home/kavia/workspace/code-generation/simple-to-do-list-281266-281276/todo_frontend/src/index.js", "pattern": "/^const root = ReactDOM.createRoot(document.getElementById('root'));$/", "language": "JavaScript", "kind": "constant"}], "hash": "9fc5841375336fc175b49f8767a11383", "format-version": 4, "code-base-name": "todo_frontend", "filename": "todo_frontend/src/index.js", "revision_history": [{"23": "1e259697e9622fbd0612e5c6386b89f7f2ce55f0"}]}