{"is_source_file": true, "format": "JavaScript", "description": "This file defines API interaction functions for a todo list application, including fetching, creating, updating, and deleting todos via HTTP requests. It includes a JSON fetch wrapper with timeout handling.", "external_files": ["node: process.env", "global fetch API"], "external_methods": ["fetch"], "published": ["listTodos", "createTodo", "updateTodo", "deleteTodo"], "classes": [], "methods": [{"name": "fetchJson(path, { method = \"GET\", body, signal } = {})", "description": "Helper function that performs a fetch with timeout and error handling, returning parsed JSON or text.", "scope": "", "scopeKind": ""}, {"name": "listTodos()", "description": "Fetches and returns all todo items.", "scope": "", "scopeKind": ""}, {"name": "createTodo({ title })", "description": "Creates a new todo item with a given title.", "scope": "", "scopeKind": ""}, {"name": "updateTodo(id, updates)", "description": "Updates an existing todo identified by id with given fields.", "scope": "", "scopeKind": ""}, {"name": "deleteTodo(id)", "description": "Deletes a todo identified by id.", "scope": "", "scopeKind": ""}], "calls": ["fetchJson", "fetchJson", "fetchJson", "fetchJson"], "search-terms": ["todo API functions", "fetchJson wrapper", "URL base environment variable", "CRUD operations"], "state": 2, "file_id": 13, "knowledge_revision": 31, "git_revision": "1abe7f3e205820f01d7caa543d31f34ae82e874d", "ctags": [{"_type": "tag", "name": "DEFAULT_TIMEOUT_MS", "path": "/home/kavia/workspace/code-generation/simple-to-do-list-281266-281276/todo_frontend/src/api/todos.js", "pattern": "/^const DEFAULT_TIMEOUT_MS = 15000;$/", "language": "JavaScript", "kind": "constant"}, {"_type": "tag", "name": "createTodo", "path": "/home/kavia/workspace/code-generation/simple-to-do-list-281266-281276/todo_frontend/src/api/todos.js", "pattern": "/^export async function createTodo({ title }) {$/", "language": "JavaScript", "kind": "function", "signature": "({ title })"}, {"_type": "tag", "name": "deleteTodo", "path": "/home/kavia/workspace/code-generation/simple-to-do-list-281266-281276/todo_frontend/src/api/todos.js", "pattern": "/^export async function deleteTodo(id) {$/", "language": "JavaScript", "kind": "function", "signature": "(id)"}, {"_type": "tag", "name": "fetchJson", "path": "/home/kavia/workspace/code-generation/simple-to-do-list-281266-281276/todo_frontend/src/api/todos.js", "pattern": "/^async function fetchJson(path, { method = \"GET\", body, signal } = {}) {$/", "language": "JavaScript", "kind": "function", "signature": "(path, { method = \"GET\", body, signal } = {})"}, {"_type": "tag", "name": "listTodos", "path": "/home/kavia/workspace/code-generation/simple-to-do-list-281266-281276/todo_frontend/src/api/todos.js", "pattern": "/^export async function listTodos() {$/", "language": "JavaScript", "kind": "function", "signature": "()"}, {"_type": "tag", "name": "updateTodo", "path": "/home/kavia/workspace/code-generation/simple-to-do-list-281266-281276/todo_frontend/src/api/todos.js", "pattern": "/^export async function updateTodo(id, updates) {$/", "language": "JavaScript", "kind": "function", "signature": "(id, updates)"}], "hash": "1726ba27bc969df0f51620305c2ae01f", "format-version": 4, "code-base-name": "todo_frontend", "filename": "todo_frontend/src/api/todos.js", "revision_history": [{"31": "1abe7f3e205820f01d7caa543d31f34ae82e874d"}]}