{"is_source_file": false, "format": "", "description": "", "external_files": [], "external_methods": [], "published": [], "classes": [], "methods": [], "calls": [], "search-terms": [], "state": 2, "file_id": 7, "knowledge_revision": 28, "git_revision": "1e259697e9622fbd0612e5c6386b89f7f2ce55f0", "hash": "af5328afc2d7f8d889b25c3908db0868", "format-version": 4, "code-base-name": "todo_frontend", "filename": "todo_frontend/src/index.css", "revision_history": [{"28": "1e259697e9622fbd0612e5c6386b89f7f2ce55f0"}]}