{"is_source_file": true, "file_id": 13, "git_revision": "", "state": 1, "description": "", "external_files": [], "external_methods": [], "published": [], "classes": [], "methods": [], "calls": [], "search-terms": [], "ctags": [{"_type": "tag", "name": "DEFAULT_TIMEOUT_MS", "path": "/home/kavia/workspace/code-generation/simple-to-do-list-281266-281276/todo_frontend/src/api/todos.js", "pattern": "/^const DEFAULT_TIMEOUT_MS = 15000;$/", "language": "JavaScript", "kind": "constant"}, {"_type": "tag", "name": "createTodo", "path": "/home/kavia/workspace/code-generation/simple-to-do-list-281266-281276/todo_frontend/src/api/todos.js", "pattern": "/^export async function createTodo({ title }) {$/", "language": "JavaScript", "kind": "function", "signature": "({ title })"}, {"_type": "tag", "name": "deleteTodo", "path": "/home/kavia/workspace/code-generation/simple-to-do-list-281266-281276/todo_frontend/src/api/todos.js", "pattern": "/^export async function deleteTodo(id) {$/", "language": "JavaScript", "kind": "function", "signature": "(id)"}, {"_type": "tag", "name": "fetchJson", "path": "/home/kavia/workspace/code-generation/simple-to-do-list-281266-281276/todo_frontend/src/api/todos.js", "pattern": "/^async function fetchJson(path, { method = \"GET\", body, signal } = {}) {$/", "language": "JavaScript", "kind": "function", "signature": "(path, { method = \"GET\", body, signal } = {})"}, {"_type": "tag", "name": "listTodos", "path": "/home/kavia/workspace/code-generation/simple-to-do-list-281266-281276/todo_frontend/src/api/todos.js", "pattern": "/^export async function listTodos() {$/", "language": "JavaScript", "kind": "function", "signature": "()"}, {"_type": "tag", "name": "updateTodo", "path": "/home/kavia/workspace/code-generation/simple-to-do-list-281266-281276/todo_frontend/src/api/todos.js", "pattern": "/^export async function updateTodo(id, updates) {$/", "language": "JavaScript", "kind": "function", "signature": "(id, updates)"}], "format": "JavaScript", "hash": "1726ba27bc969df0f51620305c2ae01f", "format-version": 4, "code-base-name": "todo_frontend", "filename": "todo_frontend/src/api/todos.js", "knowledge_revision": 26}