{"is_source_file": true, "format": "JavaScript", "description": "This file provides functions to interact with a Todo API backend. It includes methods for listing, creating, updating, and deleting todos using fetch with a timeout wrapper, and is designed to be part of a frontend React-based project.", "external_files": ["fetch"], "external_methods": ["fetch"], "published": ["listTodos", "createTodo", "updateTodo", "deleteTodo"], "classes": [], "methods": [{"name": "fetchJson(path, { method = \"GET\", body, signal } = {})", "description": "A wrapper around fetch that adds timeout, error handling, and JSON parsing.", "scope": "", "scopeKind": ""}, {"name": "listTodos()", "description": "Fetches and returns all todo items.", "scope": "", "scopeKind": ""}, {"name": "createTodo({ title })", "description": "Creates a new todo item with a specified title.", "scope": "", "scopeKind": ""}, {"name": "updateTodo(id, updates)", "description": "Updates an existing todo identified by id with provided fields.", "scope": "", "scopeKind": ""}, {"name": "deleteTodo(id)", "description": "Deletes a todo item by id.", "scope": "", "scopeKind": ""}], "calls": ["fetchJson", "fetch"], "search-terms": ["todos", "fetchJson", "CRUD", "todo_frontend", "API wrapper", "timeout"], "state": 2, "file_id": 13, "knowledge_revision": 32, "git_revision": "1abe7f3e205820f01d7caa543d31f34ae82e874d", "revision_history": [{"31": "1abe7f3e205820f01d7caa543d31f34ae82e874d"}, {"32": "1abe7f3e205820f01d7caa543d31f34ae82e874d"}], "ctags": [{"_type": "tag", "name": "DEFAULT_TIMEOUT_MS", "path": "/home/kavia/workspace/code-generation/simple-to-do-list-281266-281276/todo_frontend/src/api/todos.js", "pattern": "/^const DEFAULT_TIMEOUT_MS = 15000;$/", "language": "JavaScript", "kind": "constant"}, {"_type": "tag", "name": "createTodo", "path": "/home/kavia/workspace/code-generation/simple-to-do-list-281266-281276/todo_frontend/src/api/todos.js", "pattern": "/^export async function createTodo({ title }) {$/", "language": "JavaScript", "kind": "function", "signature": "({ title })"}, {"_type": "tag", "name": "deleteTodo", "path": "/home/kavia/workspace/code-generation/simple-to-do-list-281266-281276/todo_frontend/src/api/todos.js", "pattern": "/^export async function deleteTodo(id) {$/", "language": "JavaScript", "kind": "function", "signature": "(id)"}, {"_type": "tag", "name": "fetchJson", "path": "/home/kavia/workspace/code-generation/simple-to-do-list-281266-281276/todo_frontend/src/api/todos.js", "pattern": "/^async function fetchJson(path, { method = \"GET\", body, signal } = {}) {$/", "language": "JavaScript", "kind": "function", "signature": "(path, { method = \"GET\", body, signal } = {})"}, {"_type": "tag", "name": "listTodos", "path": "/home/kavia/workspace/code-generation/simple-to-do-list-281266-281276/todo_frontend/src/api/todos.js", "pattern": "/^export async function listTodos() {$/", "language": "JavaScript", "kind": "function", "signature": "()"}, {"_type": "tag", "name": "updateTodo", "path": "/home/kavia/workspace/code-generation/simple-to-do-list-281266-281276/todo_frontend/src/api/todos.js", "pattern": "/^export async function updateTodo(id, updates) {$/", "language": "JavaScript", "kind": "function", "signature": "(id, updates)"}], "hash": "4dc18d0d0dbf417c034fb3748e9ea700", "format-version": 4, "code-base-name": "todo_frontend", "filename": "todo_frontend/src/api/todos.js"}