{"is_source_file": true, "format": "JavaScript", "description": "This file is a React component implementing a frontend Todo application. It manages task addition, deletion, editing, toggling completion, and synchronization with a backend API, including normalization of backend data and error handling.", "external_files": ["./api/todos", "./App.css"], "external_methods": ["listTodos", "createTodo", "updateTodo", "deleteTodo"], "published": ["App"], "classes": [], "methods": [{"name": "normalizeTodo(raw)", "description": "Normalizes a backend todo object to a standard format expected by the UI, handling variations in backend field names.", "scope": "", "scopeKind": ""}, {"name": "toErrorMessage(e)", "description": "Converts different error objects into a human-readable error message string.", "scope": "", "scopeKind": ""}, {"name": "App()", "description": "Main React component for the Todo application, managing state and UI interactions.", "scope": "", "scopeKind": ""}, {"name": "refresh()", "description": "Fetches the latest list of todos from the backend and updates the state.", "scope": "App", "scopeKind": "function"}, {"name": "setSaving(id, isSaving)", "description": "Tracks the loading state of individual todo items during save/delete operations.", "scope": "App", "scopeKind": "function"}, {"name": "handleAdd(e)", "description": "Creates a new todo item via the backend API, with optimistic UI update.", "scope": "App", "scopeKind": "function"}, {"name": "handleToggle(todo)", "description": "Toggles the completed status of a todo item, updating both UI and backend.", "scope": "App", "scopeKind": "function"}, {"name": "startEdit(todo)", "description": "Enables inline editing mode for a given todo item.", "scope": "App", "scopeKind": "function"}, {"name": "cancelEdit()", "description": "Exits inline editing mode without saving changes.", "scope": "App", "scopeKind": "function"}, {"name": "saveEdit(todo)", "description": "Saves the edited title of a todo item to the backend, with optimistic UI update.", "scope": "App", "scopeKind": "function"}, {"name": "handleDelete(todo)", "description": "Removes a todo item with a delete operation to the backend, with rollback on failure.", "scope": "App", "scopeKind": "function"}, {"name": "isSaving(todoId)", "description": "Determines if a specific todo item is currently in a save/delete operation.", "scope": "App", "scopeKind": "function"}], "calls": ["listTodos", "createTodo", "updateTodo", "deleteTodo"], "search-terms": ["React", "Todo app", "task list", "CRUD", "API", "useState", "useEffect", "normalizeTodo"], "state": 2, "file_id": 8, "knowledge_revision": 29, "git_revision": "1e259697e9622fbd0612e5c6386b89f7f2ce55f0", "revision_history": [{"25": "1e259697e9622fbd0612e5c6386b89f7f2ce55f0"}, {"29": "1e259697e9622fbd0612e5c6386b89f7f2ce55f0"}], "ctags": [{"_type": "tag", "name": "App", "path": "/home/kavia/workspace/code-generation/simple-to-do-list-281266-281276/todo_frontend/src/App.js", "pattern": "/^function App() {$/", "language": "JavaScript", "kind": "function", "signature": "()"}, {"_type": "tag", "name": "cancelEdit", "path": "/home/kavia/workspace/code-generation/simple-to-do-list-281266-281276/todo_frontend/src/App.js", "pattern": "/^  function cancelEdit() {$/", "language": "JavaScript", "kind": "function", "signature": "()", "scope": "App", "scopeKind": "function"}, {"_type": "tag", "name": "handleAdd", "path": "/home/kavia/workspace/code-generation/simple-to-do-list-281266-281276/todo_frontend/src/App.js", "pattern": "/^  async function handleAdd(e) {$/", "language": "JavaScript", "kind": "function", "signature": "(e)", "scope": "App", "scopeKind": "function"}, {"_type": "tag", "name": "handleDelete", "path": "/home/kavia/workspace/code-generation/simple-to-do-list-281266-281276/todo_frontend/src/App.js", "pattern": "/^  async function handleDelete(todo) {$/", "language": "JavaScript", "kind": "function", "signature": "(todo)", "scope": "App", "scopeKind": "function"}, {"_type": "tag", "name": "handleToggle", "path": "/home/kavia/workspace/code-generation/simple-to-do-list-281266-281276/todo_frontend/src/App.js", "pattern": "/^  async function handleToggle(todo) {$/", "language": "JavaScript", "kind": "function", "signature": "(todo)", "scope": "App", "scopeKind": "function"}, {"_type": "tag", "name": "id", "path": "/home/kavia/workspace/code-generation/simple-to-do-list-281266-281276/todo_frontend/src/App.js", "pattern": "/^      const optimistic = { id: tempId, title, completed: false, raw: null };$/", "language": "JavaScript", "kind": "property", "scope": "App.handleAdd.optimistic", "scopeKind": "class"}, {"_type": "tag", "name": "inputRef", "path": "/home/kavia/workspace/code-generation/simple-to-do-list-281266-281276/todo_frontend/src/App.js", "pattern": "/^                ref={inputRef}$/", "language": "JavaScript", "kind": "field", "scope": "App.ref", "scopeKind": "class"}, {"_type": "tag", "name": "isBusy", "path": "/home/kavia/workspace/code-generation/simple-to-do-list-281266-281276/todo_frontend/src/App.js", "pattern": "/^                disabled={isBusy || !newTitle.trim()}$/", "language": "JavaScript", "kind": "field", "scope": "App.disabled", "scopeKind": "class"}, {"_type": "tag", "name": "isBusy", "path": "/home/kavia/workspace/code-generation/simple-to-do-list-281266-281276/todo_frontend/src/App.js", "pattern": "/^                disabled={isBusy}$/", "language": "JavaScript", "kind": "field", "scope": "App.disabled", "scopeKind": "class"}, {"_type": "tag", "name": "isSaving", "path": "/home/kavia/workspace/code-generation/simple-to-do-list-281266-281276/todo_frontend/src/App.js", "pattern": "/^  function isSaving(todoId) {$/", "language": "JavaScript", "kind": "function", "signature": "(todoId)", "scope": "App", "scopeKind": "function"}, {"_type": "tag", "name": "newTitle", "path": "/home/kavia/workspace/code-generation/simple-to-do-list-281266-281276/todo_frontend/src/App.js", "pattern": "/^                value={newTitle}$/", "language": "JavaScript", "kind": "field", "scope": "App.value", "scopeKind": "class"}, {"_type": "tag", "name": "normalizeTodo", "path": "/home/kavia/workspace/code-generation/simple-to-do-list-281266-281276/todo_frontend/src/App.js", "pattern": "/^function normalizeTodo(raw) {$/", "language": "JavaScript", "kind": "function", "signature": "(raw)"}, {"_type": "tag", "name": "optimistic", "path": "/home/kavia/workspace/code-generation/simple-to-do-list-281266-281276/todo_frontend/src/App.js", "pattern": "/^      const optimistic = { id: tempId, title, completed: false, raw: null };$/", "language": "JavaScript", "kind": "class", "scope": "App.handleAdd", "scopeKind": "class"}, {"_type": "tag", "name": "refresh", "path": "/home/kavia/workspace/code-generation/simple-to-do-list-281266-281276/todo_frontend/src/App.js", "pattern": "/^  async function refresh() {$/", "language": "JavaScript", "kind": "function", "signature": "()", "scope": "App", "scopeKind": "function"}, {"_type": "tag", "name": "saveEdit", "path": "/home/kavia/workspace/code-generation/simple-to-do-list-281266-281276/todo_frontend/src/App.js", "pattern": "/^  async function saveEdit(todo) {$/", "language": "JavaScript", "kind": "function", "signature": "(todo)", "scope": "App", "scopeKind": "function"}, {"_type": "tag", "name": "setSaving", "path": "/home/kavia/workspace/code-generation/simple-to-do-list-281266-281276/todo_frontend/src/App.js", "pattern": "/^  function setSaving(id, isSaving) {$/", "language": "JavaScript", "kind": "function", "signature": "(id, isSaving)", "scope": "App", "scopeKind": "function"}, {"_type": "tag", "name": "startEdit", "path": "/home/kavia/workspace/code-generation/simple-to-do-list-281266-281276/todo_frontend/src/App.js", "pattern": "/^  function startEdit(todo) {$/", "language": "JavaScript", "kind": "function", "signature": "(todo)", "scope": "App", "scopeKind": "function"}, {"_type": "tag", "name": "title", "path": "/home/kavia/workspace/code-generation/simple-to-do-list-281266-281276/todo_frontend/src/App.js", "pattern": "/^      const optimistic = { id: tempId, title, completed: false, raw: null };$/", "language": "JavaScript", "kind": "field", "scope": "App.handleAdd.optimistic", "scopeKind": "class"}, {"_type": "tag", "name": "toErrorMessage", "path": "/home/kavia/workspace/code-generation/simple-to-do-list-281266-281276/todo_frontend/src/App.js", "pattern": "/^function toErrorMessage(e) {$/", "language": "JavaScript", "kind": "function", "signature": "(e)"}], "hash": "c5f24227aa2a485f93f1f10c321a623a", "format-version": 4, "code-base-name": "todo_frontend", "filename": "todo_frontend/src/App.js", "fields": [{"name": "const optimistic = { id: tempId, title, completed: false, raw: null };", "scope": "App.handleAdd.optimistic", "scopeKind": "class", "description": "unavailable"}, {"name": "ref={inputRef}", "scope": "App.ref", "scopeKind": "class", "description": "unavailable"}, {"name": "disabled={isBusy || !newTitle.trim()}", "scope": "App.disabled", "scopeKind": "class", "description": "unavailable"}, {"name": "disabled={isBusy}", "scope": "App.disabled", "scopeKind": "class", "description": "unavailable"}, {"name": "value={newTitle}", "scope": "App.value", "scopeKind": "class", "description": "unavailable"}]}