{"is_source_file": true, "format": "JavaScript (ES6 module)", "description": "This file is a test setup file for setting up custom Jest matchers provided by '@testing-library/jest-dom' to enhance DOM assertions in testing.", "external_files": ["@testing-library/jest-dom"], "external_methods": [], "published": [], "classes": [], "methods": [], "calls": ["import '@testing-library/jest-dom'"], "search-terms": ["setupTests.js", "jest-dom", "testing library", "jest matchers", "test setup"], "state": 2, "file_id": 3, "knowledge_revision": 24, "git_revision": "1e259697e9622fbd0612e5c6386b89f7f2ce55f0", "ctags": [], "hash": "1a77571e1a8cf36018a41bcedf60db75", "format-version": 4, "code-base-name": "todo_frontend", "filename": "todo_frontend/src/setupTests.js", "revision_history": [{"24": "1e259697e9622fbd0612e5c6386b89f7f2ce55f0"}]}